,0
0,neutral
1,neutral
2,negative
3,positive
4,positive
5,positive
6,positive
7,positive
8,positive
9,positive
10,positive
11,neutral
12,neutral
13,positive
14,positive
15,positive
16,positive
17,positive
18,positive
19,neutral
20,positive
21,positive
22,positive
23,positive
24,positive
25,positive
26,positive
27,positive
28,positive
29,positive
30,positive
31,positive
32,positive
33,positive
34,neutral
35,positive
36,positive
37,neutral
38,positive
39,positive
40,positive
41,positive
42,positive
43,positive
44,neutral
45,positive
46,positive
47,neutral
48,positive
49,positive
50,positive
51,positive
52,neutral
53,positive
54,positive
55,positive
56,positive
57,positive
58,neutral
59,negative
60,positive
61,neutral
62,positive
63,positive
64,neutral
65,neutral
66,positive
67,neutral
68,positive
69,neutral
70,positive
71,positive
72,neutral
73,neutral
74,positive
75,negative
76,neutral
77,positive
78,neutral
79,neutral
80,neutral
81,positive
82,neutral
83,positive
84,positive
85,negative
86,negative
87,positive
88,positive
89,positive
90,positive
91,neutral
92,positive
93,positive
94,positive
95,negative
96,positive
97,positive
98,positive
99,positive
100,positive
101,positive
102,positive
103,positive
104,positive
105,positive
106,positive
107,positive
108,positive
109,positive
110,neutral
111,neutral
112,positive
113,positive
114,positive
115,positive
116,positive
117,positive
118,positive
119,positive
120,neutral
121,negative
122,positive
123,positive
124,positive
125,neutral
126,positive
127,positive
128,positive
129,neutral
130,positive
131,positive
132,negative
133,neutral
134,positive
135,neutral
136,positive
137,positive
138,positive
139,neutral
140,positive
141,positive
142,negative
143,positive
144,positive
145,positive
146,positive
147,positive
148,positive
149,neutral
150,positive
151,neutral
152,positive
153,neutral
154,positive
155,positive
156,positive
157,neutral
158,neutral
159,neutral
160,neutral
161,positive
162,positive
163,positive
164,positive
165,positive
166,positive
167,positive
168,positive
169,positive
170,positive
171,positive
172,positive
173,positive
174,positive
175,positive
176,neutral
177,neutral
178,neutral
179,positive
180,positive
181,positive
182,positive
183,positive
184,positive
185,positive
186,neutral
187,positive
188,positive
189,positive
190,positive
191,neutral
192,positive
193,positive
194,positive
195,positive
196,positive
197,positive
198,positive
199,positive
200,positive
201,positive
202,positive
203,neutral
204,positive
205,positive
206,positive
207,positive
208,negative
209,positive
210,neutral
211,positive
212,positive
213,positive
214,positive
215,positive
216,positive
217,positive
218,positive
219,positive
220,positive
221,positive
222,positive
223,neutral
224,neutral
225,neutral
226,positive
227,positive
228,positive
229,positive
230,positive
231,positive
232,positive
233,neutral
234,neutral
235,positive
236,neutral
237,neutral
238,positive
239,neutral
240,positive
241,positive
242,positive
243,positive
244,positive
245,positive
246,positive
247,positive
248,positive
249,positive
250,positive
251,positive
252,positive
253,positive
254,neutral
255,positive
256,positive
257,positive
258,negative
259,positive
260,positive
261,positive
262,positive
263,positive
264,positive
265,positive
266,negative
267,positive
268,positive
269,positive
270,neutral
271,positive
272,positive
273,positive
274,positive
275,positive
276,neutral
277,positive
278,positive
279,neutral
280,positive
281,positive
282,positive
283,positive
284,positive
285,positive
286,positive
287,positive
288,positive
289,positive
290,neutral
291,negative
292,positive
293,neutral
294,neutral
295,neutral
296,positive
297,positive
298,neutral
299,positive
300,neutral
301,positive
302,neutral
303,positive
304,positive
305,positive
306,neutral
307,positive
308,positive
309,positive
310,positive
311,positive
312,positive
313,positive
314,positive
315,positive
316,positive
317,positive
318,positive
319,positive
320,positive
321,positive
322,positive
323,positive
324,positive
325,positive
326,positive
327,positive
328,positive
329,neutral
330,neutral
331,positive
332,positive
333,neutral
334,positive
335,neutral
336,positive
337,neutral
338,positive
339,positive
340,positive
341,positive
342,positive
343,positive
344,positive
345,neutral
346,positive
347,positive
348,positive
349,positive
350,positive
351,neutral
352,positive
353,positive
354,positive
355,positive
356,positive
357,neutral
358,positive
359,neutral
360,positive
361,neutral
362,positive
363,positive
364,positive
365,positive
366,positive
367,positive
368,positive
369,neutral
370,neutral
371,neutral
372,positive
373,positive
374,positive
375,positive
376,neutral
377,positive
378,positive
379,positive
380,positive
381,neutral
382,positive
383,positive
384,positive
385,neutral
386,positive
387,positive
388,positive
389,neutral
390,neutral
391,neutral
392,positive
393,neutral
394,positive
395,neutral
396,positive
397,neutral
398,positive
399,neutral
400,positive
401,positive
402,neutral
403,neutral
404,neutral
405,neutral
406,neutral
407,positive
408,positive
409,neutral
410,neutral
411,neutral
412,positive
413,neutral
414,neutral
415,negative
416,neutral
417,neutral
418,neutral
419,neutral
420,neutral
421,neutral
422,positive
423,negative
424,positive
425,positive
426,positive
427,neutral
428,positive
429,neutral
430,neutral
431,neutral
432,neutral
433,positive
434,neutral
435,neutral
436,neutral
437,neutral
438,neutral
439,positive
440,neutral
441,positive
442,positive
443,neutral
444,neutral
445,neutral
446,neutral
447,neutral
448,neutral
449,neutral
450,positive
451,positive
452,neutral
453,neutral
454,neutral
455,positive
456,neutral
457,neutral
458,negative
459,positive
460,neutral
461,neutral
462,neutral
463,neutral
464,neutral
465,neutral
466,positive
467,neutral
468,neutral
469,positive
470,positive
471,neutral
472,neutral
473,neutral
474,neutral
475,neutral
476,neutral
477,positive
478,neutral
479,neutral
480,neutral
481,neutral
482,neutral
483,neutral
484,positive
485,positive
486,positive
487,positive
488,neutral
489,positive
490,neutral
491,positive
492,positive
493,neutral
494,neutral
495,neutral
496,neutral
497,positive
498,neutral
499,neutral
500,neutral
501,neutral
502,neutral
503,neutral
504,neutral
505,neutral
506,neutral
507,negative
508,neutral
509,neutral
510,neutral
511,neutral
512,neutral
513,neutral
514,neutral
515,neutral
516,neutral
517,neutral
518,positive
519,positive
520,positive
521,neutral
522,neutral
523,neutral
524,neutral
525,neutral
526,neutral
527,neutral
528,neutral
529,neutral
530,positive
531,neutral
532,positive
533,neutral
534,neutral
535,positive
536,neutral
537,neutral
538,positive
539,negative
540,neutral
541,neutral
542,negative
543,negative
544,negative
545,positive
546,positive
547,positive
548,positive
549,positive
550,positive
551,positive
552,positive
553,neutral
554,neutral
555,neutral
556,positive
557,positive
558,neutral
559,positive
560,positive
561,positive
562,positive
563,positive
564,positive
565,positive
566,positive
567,neutral
568,positive
569,positive
570,neutral
571,neutral
572,neutral
573,neutral
574,neutral
575,positive
576,neutral
577,neutral
578,neutral
579,neutral
580,positive
581,neutral
582,positive
583,positive
584,positive
585,positive
586,positive
587,positive
588,positive
589,positive
590,positive
591,positive
592,positive
593,neutral
594,positive
595,positive
596,neutral
597,positive
598,positive
599,positive
600,positive
601,positive
602,positive
603,negative
604,positive
605,positive
606,positive
607,neutral
608,positive
609,neutral
610,positive
611,positive
612,positive
613,neutral
614,positive
615,neutral
616,neutral
617,positive
618,positive
619,neutral
620,positive
621,neutral
622,neutral
623,neutral
624,positive
625,neutral
626,positive
627,neutral
628,neutral
629,positive
630,neutral
631,positive
632,positive
633,neutral
634,neutral
635,neutral
636,positive
637,positive
638,negative
639,positive
640,positive
641,positive
642,positive
643,positive
644,positive
645,positive
646,positive
647,positive
648,positive
649,positive
650,positive
651,neutral
652,positive
653,positive
654,positive
655,positive
656,positive
657,positive
658,positive
659,positive
660,negative
661,negative
662,neutral
663,neutral
664,neutral
665,negative
666,neutral
667,neutral
668,neutral
669,negative
670,negative
671,negative
672,negative
673,negative
674,negative
675,negative
676,negative
677,negative
678,negative
679,negative
680,negative
681,negative
682,negative
683,negative
684,negative
685,neutral
686,negative
687,neutral
688,neutral
689,negative
690,neutral
691,neutral
692,positive
693,neutral
694,neutral
695,neutral
696,positive
697,positive
698,negative
699,negative
700,negative
701,positive
702,positive
703,positive
704,neutral
705,positive
706,positive
707,neutral
708,neutral
709,positive
710,neutral
711,positive
712,positive
713,neutral
714,negative
715,positive
716,negative
717,positive
718,negative
719,negative
720,positive
721,negative
722,positive
723,positive
724,positive
725,positive
726,neutral
727,positive
728,negative
729,positive
730,positive
731,negative
732,positive
733,negative
734,negative
735,neutral
736,negative
737,neutral
738,positive
739,positive
740,neutral
741,positive
742,positive
743,positive
744,neutral
745,positive
746,positive
747,positive
748,neutral
749,neutral
750,neutral
751,neutral
752,positive
753,neutral
754,positive
755,positive
756,neutral
757,positive
758,positive
759,neutral
760,neutral
761,neutral
762,positive
763,positive
764,positive
765,neutral
766,neutral
767,positive
768,positive
769,positive
770,neutral
771,positive
772,neutral
773,positive
774,positive
775,positive
776,positive
777,positive
778,positive
779,positive
780,neutral
781,positive
782,positive
783,positive
784,positive
785,positive
786,positive
787,positive
788,neutral
789,neutral
790,positive
791,positive
792,positive
793,negative
794,positive
795,positive
796,positive
797,neutral
798,positive
799,positive
800,neutral
801,positive
802,negative
803,positive
804,positive
805,positive
806,neutral
807,positive
808,positive
809,positive
810,positive
811,neutral
812,positive
813,positive
814,positive
815,neutral
816,neutral
817,positive
818,neutral
819,neutral
820,positive
821,neutral
822,neutral
823,positive
824,neutral
825,neutral
826,neutral
827,neutral
828,neutral
829,neutral
830,positive
831,positive
832,neutral
833,positive
834,positive
835,positive
836,neutral
837,positive
838,negative
839,positive
840,positive
841,positive
842,negative
843,positive
844,neutral
845,neutral
846,positive
847,positive
848,neutral
849,positive
850,neutral
851,positive
852,neutral
853,neutral
854,neutral
855,neutral
856,neutral
857,neutral
858,neutral
859,positive
860,positive
861,positive
862,positive
863,positive
864,positive
865,neutral
866,neutral
867,neutral
868,positive
869,neutral
870,neutral
871,positive
872,positive
873,neutral
874,neutral
875,positive
876,positive
877,neutral
878,neutral
879,negative
880,positive
881,neutral
882,neutral
883,positive
884,positive
885,positive
886,neutral
887,positive
888,positive
889,positive
890,positive
891,positive
892,positive
893,neutral
894,positive
895,positive
896,positive
897,positive
898,neutral
899,neutral
900,positive
901,positive
902,neutral
903,neutral
904,positive
905,neutral
906,positive
907,positive
908,positive
909,neutral
910,neutral
911,neutral
912,neutral
913,neutral
914,positive
915,neutral
916,neutral
917,positive
918,positive
919,neutral
920,neutral
921,neutral
922,positive
923,neutral
924,neutral
925,positive
926,positive
927,positive
928,positive
929,neutral
930,positive
931,positive
932,positive
933,positive
934,positive
935,positive
936,positive
937,positive
938,positive
939,positive
940,neutral
941,neutral
942,positive
943,neutral
944,neutral
945,positive
946,positive
947,positive
948,positive
949,neutral
950,positive
951,neutral
952,positive
953,neutral
954,positive
955,neutral
956,neutral
957,neutral
958,positive
959,positive
960,positive
961,positive
962,positive
963,neutral
964,positive
965,neutral
966,positive
967,negative
968,neutral
969,positive
970,positive
971,positive
972,positive
973,neutral
974,positive
975,neutral
976,positive
977,positive
978,neutral
979,positive
980,positive
981,neutral
982,positive
983,positive
984,neutral
985,neutral
986,neutral
987,positive
988,positive
989,neutral
990,neutral
991,neutral
992,positive
993,neutral
994,neutral
995,positive
996,negative
997,negative
998,neutral
999,neutral
1000,neutral
1001,neutral
1002,neutral
1003,neutral
1004,positive
1005,positive
1006,neutral
1007,neutral
1008,neutral
1009,neutral
1010,neutral
1011,neutral
1012,neutral
1013,neutral
1014,neutral
1015,neutral
1016,neutral
1017,neutral
1018,neutral
1019,neutral
1020,neutral
1021,neutral
1022,neutral
1023,neutral
1024,negative
1025,positive
1026,neutral
1027,neutral
1028,positive
1029,neutral
1030,neutral
1031,neutral
1032,neutral
1033,neutral
1034,neutral
1035,neutral
1036,neutral
1037,positive
1038,neutral
1039,negative
1040,positive
1041,neutral
1042,neutral
1043,neutral
1044,positive
1045,neutral
1046,neutral
1047,negative
1048,neutral
1049,neutral
1050,positive
1051,neutral
1052,neutral
1053,neutral
1054,neutral
1055,neutral
1056,neutral
1057,neutral
1058,neutral
1059,neutral
1060,neutral
1061,positive
1062,neutral
1063,neutral
1064,neutral
1065,neutral
1066,neutral
1067,neutral
1068,neutral
1069,neutral
1070,neutral
1071,neutral
1072,neutral
1073,neutral
1074,neutral
1075,positive
1076,neutral
1077,neutral
1078,neutral
1079,neutral
1080,neutral
1081,positive
1082,neutral
1083,neutral
1084,neutral
1085,neutral
1086,neutral
1087,neutral
1088,neutral
1089,neutral
1090,neutral
1091,neutral
1092,neutral
1093,neutral
1094,neutral
1095,neutral
1096,neutral
1097,neutral
1098,neutral
1099,neutral
1100,neutral
1101,neutral
1102,positive
1103,neutral
1104,neutral
1105,neutral
1106,neutral
1107,neutral
1108,neutral
1109,positive
1110,positive
1111,neutral
1112,neutral
1113,neutral
1114,neutral
1115,neutral
1116,neutral
1117,neutral
1118,neutral
1119,neutral
1120,positive
1121,neutral
1122,neutral
1123,positive
1124,neutral
1125,neutral
1126,neutral
1127,positive
1128,neutral
1129,positive
1130,positive
1131,neutral
1132,neutral
1133,neutral
1134,neutral
1135,neutral
1136,neutral
1137,positive
1138,neutral
1139,neutral
1140,neutral
1141,neutral
1142,neutral
1143,neutral
1144,positive
1145,neutral
1146,neutral
1147,neutral
1148,negative
1149,neutral
1150,neutral
1151,neutral
1152,neutral
1153,negative
1154,neutral
1155,neutral
1156,neutral
1157,negative
1158,neutral
1159,neutral
1160,neutral
1161,neutral
1162,neutral
1163,neutral
1164,neutral
1165,neutral
1166,neutral
1167,neutral
1168,neutral
1169,neutral
1170,neutral
1171,negative
1172,neutral
1173,neutral
1174,neutral
1175,neutral
1176,neutral
1177,neutral
1178,neutral
1179,negative
1180,positive
1181,neutral
1182,neutral
1183,neutral
1184,neutral
1185,positive
1186,neutral
1187,neutral
1188,neutral
1189,neutral
1190,neutral
1191,neutral
1192,neutral
1193,neutral
1194,neutral
1195,positive
1196,negative
1197,neutral
1198,neutral
1199,neutral
1200,neutral
1201,neutral
1202,neutral
1203,positive
1204,neutral
1205,negative
1206,neutral
1207,neutral
1208,neutral
1209,neutral
1210,neutral
1211,neutral
1212,neutral
1213,neutral
1214,neutral
1215,neutral
1216,neutral
1217,neutral
1218,neutral
1219,neutral
1220,neutral
1221,neutral
1222,neutral
1223,positive
1224,neutral
1225,neutral
1226,neutral
1227,neutral
1228,positive
1229,neutral
1230,neutral
1231,neutral
1232,neutral
1233,neutral
1234,neutral
1235,neutral
1236,neutral
1237,positive
1238,positive
1239,neutral
1240,neutral
1241,neutral
1242,neutral
1243,neutral
1244,neutral
1245,neutral
1246,neutral
1247,neutral
1248,neutral
1249,neutral
1250,neutral
1251,neutral
1252,neutral
1253,neutral
1254,neutral
1255,neutral
1256,neutral
1257,neutral
1258,neutral
1259,neutral
1260,positive
1261,positive
1262,neutral
1263,neutral
1264,neutral
1265,neutral
1266,neutral
1267,neutral
1268,neutral
1269,neutral
1270,positive
1271,neutral
1272,neutral
1273,neutral
1274,neutral
1275,neutral
1276,neutral
1277,neutral
1278,neutral
1279,neutral
1280,neutral
1281,neutral
1282,positive
1283,neutral
1284,neutral
1285,neutral
1286,positive
1287,neutral
1288,neutral
1289,neutral
1290,neutral
1291,neutral
1292,neutral
1293,positive
1294,neutral
1295,neutral
1296,neutral
1297,neutral
1298,neutral
1299,neutral
1300,positive
1301,neutral
1302,neutral
1303,neutral
1304,neutral
1305,neutral
1306,positive
1307,positive
1308,neutral
1309,neutral
1310,neutral
1311,neutral
1312,neutral
1313,neutral
1314,neutral
1315,neutral
1316,neutral
1317,neutral
1318,neutral
1319,neutral
1320,positive
1321,neutral
1322,neutral
1323,neutral
1324,neutral
1325,neutral
1326,neutral
1327,neutral
1328,neutral
1329,positive
1330,neutral
1331,neutral
1332,neutral
1333,neutral
1334,neutral
1335,neutral
1336,neutral
1337,neutral
1338,neutral
1339,neutral
1340,neutral
1341,neutral
1342,positive
1343,neutral
1344,neutral
1345,positive
1346,neutral
1347,neutral
1348,neutral
1349,neutral
1350,neutral
1351,neutral
1352,neutral
1353,neutral
1354,neutral
1355,neutral
1356,neutral
1357,neutral
1358,neutral
1359,neutral
1360,neutral
1361,neutral
1362,neutral
1363,neutral
1364,neutral
1365,neutral
1366,neutral
1367,neutral
1368,neutral
1369,positive
1370,neutral
1371,neutral
1372,positive
1373,neutral
1374,neutral
1375,neutral
1376,neutral
1377,neutral
1378,neutral
1379,neutral
1380,neutral
1381,neutral
1382,neutral
1383,neutral
1384,neutral
1385,neutral
1386,neutral
1387,neutral
1388,neutral
1389,neutral
1390,neutral
1391,positive
1392,neutral
1393,neutral
1394,neutral
1395,neutral
1396,neutral
1397,neutral
1398,neutral
1399,neutral
1400,neutral
1401,neutral
1402,neutral
1403,neutral
1404,neutral
1405,neutral
1406,neutral
1407,neutral
1408,neutral
1409,positive
1410,positive
1411,neutral
1412,neutral
1413,neutral
1414,neutral
1415,neutral
1416,neutral
1417,neutral
1418,neutral
1419,neutral
1420,neutral
1421,neutral
1422,neutral
1423,neutral
1424,neutral
1425,neutral
1426,neutral
1427,neutral
1428,neutral
1429,neutral
1430,neutral
1431,neutral
1432,neutral
1433,neutral
1434,positive
1435,neutral
1436,neutral
1437,negative
1438,neutral
1439,neutral
1440,neutral
1441,neutral
1442,neutral
1443,neutral
1444,neutral
1445,neutral
1446,neutral
1447,positive
1448,neutral
1449,neutral
1450,neutral
1451,neutral
1452,neutral
1453,neutral
1454,neutral
1455,neutral
1456,neutral
1457,neutral
1458,neutral
1459,neutral
1460,neutral
1461,neutral
1462,neutral
1463,positive
1464,positive
1465,neutral
1466,neutral
1467,neutral
1468,neutral
1469,positive
1470,neutral
1471,neutral
1472,neutral
1473,neutral
1474,neutral
1475,neutral
1476,neutral
1477,neutral
1478,neutral
1479,neutral
1480,neutral
1481,positive
1482,positive
1483,positive
1484,neutral
1485,neutral
1486,neutral
1487,neutral
1488,neutral
1489,neutral
1490,positive
1491,neutral
1492,neutral
1493,neutral
1494,neutral
1495,neutral
1496,neutral
1497,neutral
1498,neutral
1499,neutral
1500,positive
1501,neutral
1502,neutral
1503,neutral
1504,neutral
1505,neutral
1506,neutral
1507,positive
1508,neutral
1509,positive
1510,neutral
1511,neutral
1512,neutral
1513,neutral
1514,neutral
1515,neutral
1516,neutral
1517,neutral
1518,neutral
1519,neutral
1520,neutral
1521,neutral
1522,neutral
1523,positive
1524,positive
1525,negative
1526,negative
1527,neutral
1528,positive
1529,neutral
1530,neutral
1531,positive
1532,positive
1533,positive
1534,neutral
1535,neutral
1536,positive
1537,neutral
1538,neutral
1539,neutral
1540,positive
1541,neutral
1542,neutral
1543,neutral
1544,neutral
1545,positive
1546,positive
1547,positive
1548,neutral
1549,neutral
1550,neutral
1551,positive
1552,neutral
1553,neutral
1554,positive
1555,positive
1556,neutral
1557,neutral
1558,neutral
1559,neutral
1560,neutral
1561,neutral
1562,neutral
1563,neutral
1564,positive
1565,neutral
1566,neutral
1567,positive
1568,neutral
1569,neutral
1570,negative
1571,neutral
1572,neutral
1573,neutral
1574,neutral
1575,neutral
1576,neutral
1577,neutral
1578,neutral
1579,neutral
1580,neutral
1581,neutral
1582,neutral
1583,neutral
1584,neutral
1585,neutral
1586,neutral
1587,neutral
1588,neutral
1589,neutral
1590,neutral
1591,positive
1592,neutral
1593,neutral
1594,neutral
1595,neutral
1596,positive
1597,positive
1598,neutral
1599,neutral
1600,neutral
1601,positive
1602,positive
1603,neutral
1604,neutral
1605,neutral
1606,neutral
1607,neutral
1608,positive
1609,neutral
1610,neutral
1611,neutral
1612,neutral
1613,neutral
1614,negative
1615,neutral
1616,neutral
1617,neutral
1618,positive
1619,neutral
1620,neutral
1621,neutral
1622,neutral
1623,neutral
1624,neutral
1625,neutral
1626,neutral
1627,neutral
1628,positive
1629,neutral
1630,neutral
1631,neutral
1632,neutral
1633,neutral
1634,neutral
1635,neutral
1636,neutral
1637,neutral
1638,neutral
1639,neutral
1640,neutral
1641,neutral
1642,neutral
1643,neutral
1644,neutral
1645,neutral
1646,neutral
1647,neutral
1648,neutral
1649,neutral
1650,positive
1651,neutral
1652,neutral
1653,neutral
1654,positive
1655,neutral
1656,neutral
1657,neutral
1658,neutral
1659,neutral
1660,neutral
1661,neutral
1662,neutral
1663,neutral
1664,neutral
1665,neutral
1666,neutral
1667,neutral
1668,neutral
1669,neutral
1670,positive
1671,neutral
1672,neutral
1673,positive
1674,neutral
1675,neutral
1676,neutral
1677,neutral
1678,neutral
1679,neutral
1680,neutral
1681,positive
1682,neutral
1683,neutral
1684,neutral
1685,positive
1686,positive
1687,positive
1688,neutral
1689,positive
1690,positive
1691,positive
1692,neutral
1693,neutral
1694,neutral
1695,positive
1696,neutral
1697,neutral
1698,neutral
1699,neutral
1700,neutral
1701,neutral
1702,positive
1703,neutral
1704,neutral
1705,negative
1706,positive
1707,positive
1708,positive
1709,positive
1710,negative
1711,negative
1712,neutral
1713,negative
1714,negative
1715,neutral
1716,positive
1717,positive
1718,positive
1719,positive
1720,positive
1721,positive
1722,positive
1723,positive
1724,positive
1725,positive
1726,positive
1727,positive
1728,positive
1729,positive
1730,positive
1731,neutral
1732,neutral
1733,neutral
1734,positive
1735,neutral
1736,neutral
1737,positive
1738,positive
1739,positive
1740,positive
1741,positive
1742,positive
1743,neutral
1744,positive
1745,positive
1746,neutral
1747,neutral
1748,neutral
1749,positive
1750,neutral
1751,positive
1752,positive
1753,neutral
1754,positive
1755,neutral
1756,positive
1757,neutral
1758,positive
1759,neutral
1760,neutral
1761,positive
1762,positive
1763,positive
1764,positive
1765,positive
1766,neutral
1767,neutral
1768,positive
1769,positive
1770,positive
1771,positive
1772,positive
1773,positive
1774,positive
1775,positive
1776,positive
1777,positive
1778,neutral
1779,positive
1780,positive
1781,positive
1782,positive
1783,positive
1784,positive
1785,positive
1786,positive
1787,positive
1788,positive
1789,neutral
1790,positive
1791,positive
1792,positive
1793,positive
1794,neutral
1795,neutral
1796,neutral
1797,positive
1798,positive
1799,positive
1800,positive
1801,neutral
1802,neutral
1803,neutral
1804,positive
1805,neutral
1806,positive
1807,positive
1808,neutral
1809,neutral
1810,neutral
1811,positive
1812,neutral
1813,positive
1814,neutral
1815,neutral
1816,neutral
1817,positive
1818,neutral
1819,neutral
1820,neutral
1821,neutral
1822,neutral
1823,positive
1824,neutral
1825,neutral
1826,neutral
1827,neutral
1828,neutral
1829,neutral
1830,neutral
1831,neutral
1832,positive
1833,neutral
1834,neutral
1835,neutral
1836,neutral
1837,neutral
1838,neutral
1839,neutral
1840,neutral
1841,positive
1842,neutral
1843,neutral
1844,neutral
1845,neutral
1846,positive
1847,neutral
1848,neutral
1849,positive
1850,positive
1851,neutral
1852,positive
1853,positive
1854,neutral
1855,neutral
1856,neutral
1857,neutral
1858,neutral
1859,neutral
1860,positive
1861,neutral
1862,neutral
1863,neutral
1864,neutral
1865,positive
1866,neutral
1867,neutral
1868,neutral
1869,positive
1870,neutral
1871,neutral
1872,neutral
1873,neutral
1874,neutral
1875,neutral
1876,positive
1877,positive
1878,positive
1879,neutral
1880,neutral
1881,neutral
1882,positive
1883,positive
1884,neutral
1885,neutral
1886,neutral
1887,neutral
1888,neutral
1889,positive
1890,neutral
1891,neutral
1892,positive
1893,neutral
1894,neutral
1895,neutral
1896,neutral
1897,neutral
1898,positive
1899,neutral
1900,positive
1901,neutral
1902,neutral
1903,neutral
1904,neutral
1905,neutral
1906,neutral
1907,neutral
1908,neutral
1909,neutral
1910,positive
1911,neutral
1912,neutral
1913,neutral
1914,positive
1915,positive
1916,positive
1917,neutral
1918,neutral
1919,neutral
1920,neutral
1921,positive
1922,neutral
1923,neutral
1924,neutral
1925,neutral
1926,neutral
1927,neutral
1928,neutral
1929,positive
1930,neutral
1931,neutral
1932,positive
1933,neutral
1934,neutral
1935,positive
1936,neutral
1937,negative
1938,negative
1939,positive
1940,positive
1941,positive
1942,neutral
1943,neutral
1944,positive
1945,negative
1946,neutral
1947,neutral
1948,neutral
1949,neutral
1950,positive
1951,positive
1952,positive
1953,positive
1954,neutral
1955,neutral
1956,neutral
1957,positive
1958,neutral
1959,neutral
1960,neutral
1961,positive
1962,negative
1963,neutral
1964,neutral
1965,positive
1966,neutral
1967,neutral
1968,neutral
1969,negative
1970,neutral
1971,neutral
1972,neutral
1973,positive
1974,neutral
1975,negative
1976,neutral
1977,negative
1978,neutral
1979,negative
1980,neutral
1981,neutral
1982,neutral
1983,positive
1984,neutral
1985,neutral
1986,negative
1987,neutral
1988,neutral
1989,negative
1990,negative
1991,negative
1992,negative
1993,negative
1994,negative
1995,neutral
1996,positive
1997,negative
1998,positive
1999,positive
2000,neutral
2001,positive
2002,positive
2003,positive
2004,neutral
2005,neutral
2006,neutral
2007,neutral
2008,neutral
2009,neutral
2010,neutral
2011,neutral
2012,positive
2013,positive
2014,neutral
2015,positive
2016,neutral
2017,neutral
2018,positive
2019,positive
2020,positive
2021,neutral
2022,neutral
2023,neutral
2024,neutral
2025,neutral
2026,positive
2027,negative
2028,neutral
2029,positive
2030,positive
2031,neutral
2032,neutral
2033,neutral
2034,neutral
2035,neutral
2036,positive
2037,neutral
2038,neutral
2039,positive
2040,neutral
2041,neutral
2042,neutral
2043,neutral
2044,neutral
2045,neutral
2046,neutral
2047,neutral
2048,neutral
2049,positive
2050,neutral
2051,positive
2052,positive
2053,positive
2054,neutral
2055,positive
2056,neutral
2057,neutral
2058,neutral
2059,positive
2060,neutral
2061,positive
2062,positive
2063,neutral
2064,neutral
2065,neutral
2066,neutral
2067,positive
2068,neutral
2069,positive
2070,neutral
2071,neutral
2072,neutral
2073,positive
2074,neutral
2075,positive
2076,positive
2077,neutral
2078,positive
2079,neutral
2080,neutral
2081,neutral
2082,positive
2083,positive
2084,neutral
2085,neutral
2086,neutral
2087,positive
2088,positive
2089,positive
2090,neutral
2091,neutral
2092,positive
2093,neutral
2094,negative
2095,neutral
2096,neutral
2097,neutral
2098,neutral
2099,negative
2100,positive
2101,positive
2102,neutral
2103,neutral
2104,positive
2105,neutral
2106,negative
2107,positive
2108,neutral
2109,negative
2110,neutral
2111,neutral
2112,neutral
2113,neutral
2114,neutral
2115,neutral
2116,neutral
2117,neutral
2118,positive
2119,neutral
2120,neutral
2121,neutral
2122,neutral
2123,negative
2124,neutral
2125,neutral
2126,positive
2127,negative
2128,neutral
2129,negative
2130,positive
2131,positive
2132,positive
2133,positive
2134,neutral
2135,negative
2136,neutral
2137,positive
2138,neutral
2139,neutral
2140,neutral
2141,neutral
2142,positive
2143,neutral
2144,positive
2145,positive
2146,neutral
2147,positive
2148,neutral
2149,neutral
2150,positive
2151,positive
2152,positive
2153,positive
2154,neutral
2155,neutral
2156,neutral
2157,neutral
2158,neutral
2159,neutral
2160,neutral
2161,neutral
2162,neutral
2163,neutral
2164,neutral
2165,neutral
2166,neutral
2167,neutral
2168,neutral
2169,neutral
2170,negative
2171,neutral
2172,neutral
2173,negative
2174,positive
2175,negative
2176,positive
2177,neutral
2178,neutral
2179,neutral
2180,neutral
2181,positive
2182,positive
2183,positive
2184,positive
2185,neutral
2186,neutral
2187,neutral
2188,neutral
2189,positive
2190,positive
2191,neutral
2192,neutral
2193,neutral
2194,positive
2195,neutral
2196,positive
2197,neutral
2198,neutral
2199,positive
2200,neutral
2201,neutral
2202,positive
2203,neutral
2204,neutral
2205,neutral
2206,neutral
2207,neutral
2208,neutral
2209,neutral
2210,neutral
2211,neutral
2212,negative
2213,neutral
2214,neutral
2215,neutral
2216,neutral
2217,positive
2218,neutral
2219,neutral
2220,neutral
2221,neutral
2222,neutral
2223,neutral
2224,neutral
2225,positive
2226,neutral
2227,neutral
2228,neutral
2229,neutral
2230,neutral
2231,neutral
2232,neutral
2233,neutral
2234,positive
2235,neutral
2236,neutral
2237,neutral
2238,neutral
2239,positive
2240,neutral
2241,neutral
2242,neutral
2243,positive
2244,neutral
2245,positive
2246,positive
2247,neutral
2248,positive
2249,neutral
2250,neutral
2251,neutral
2252,neutral
2253,positive
2254,neutral
2255,neutral
2256,positive
2257,neutral
2258,neutral
2259,negative
2260,positive
2261,positive
2262,positive
2263,positive
2264,neutral
2265,positive
2266,positive
2267,positive
2268,positive
2269,neutral
2270,neutral
2271,neutral
2272,neutral
2273,negative
2274,positive
2275,positive
2276,negative
2277,positive
2278,neutral
2279,negative
2280,positive
2281,neutral
2282,positive
2283,neutral
2284,neutral
2285,neutral
2286,positive
2287,positive
2288,neutral
2289,positive
2290,neutral
2291,neutral
2292,positive
2293,positive
2294,positive
2295,negative
2296,positive
2297,positive
2298,positive
2299,negative
2300,positive
2301,positive
2302,neutral
2303,positive
2304,positive
2305,positive
2306,neutral
2307,neutral
2308,positive
2309,negative
2310,neutral
2311,neutral
2312,neutral
2313,neutral
2314,positive
2315,neutral
2316,positive
2317,positive
2318,positive
2319,neutral
2320,neutral
2321,neutral
2322,neutral
2323,neutral
2324,neutral
2325,neutral
2326,neutral
2327,neutral
2328,neutral
2329,neutral
2330,neutral
2331,neutral
2332,neutral
2333,neutral
2334,neutral
2335,neutral
2336,neutral
2337,neutral
2338,neutral
2339,neutral
2340,neutral
2341,positive
2342,neutral
2343,neutral
2344,neutral
2345,neutral
2346,neutral
2347,neutral
2348,neutral
2349,neutral
2350,neutral
2351,neutral
2352,positive
2353,positive
2354,positive
2355,neutral
2356,neutral
2357,neutral
2358,neutral
2359,neutral
2360,positive
2361,neutral
2362,neutral
2363,neutral
2364,neutral
2365,neutral
2366,neutral
2367,positive
2368,neutral
2369,neutral
2370,neutral
2371,neutral
2372,neutral
2373,neutral
2374,negative
2375,neutral
2376,neutral
2377,negative
2378,neutral
2379,neutral
2380,neutral
2381,neutral
2382,neutral
2383,neutral
2384,neutral
2385,neutral
2386,positive
2387,neutral
2388,neutral
2389,neutral
2390,neutral
2391,neutral
2392,neutral
2393,neutral
2394,neutral
2395,neutral
2396,neutral
2397,neutral
2398,neutral
2399,neutral
2400,neutral
2401,neutral
2402,neutral
2403,neutral
2404,neutral
2405,neutral
2406,neutral
2407,neutral
2408,neutral
2409,positive
2410,neutral
2411,neutral
2412,positive
2413,neutral
2414,neutral
2415,neutral
2416,neutral
2417,neutral
2418,neutral
2419,neutral
2420,negative
2421,neutral
2422,neutral
2423,neutral
2424,negative
2425,neutral
2426,neutral
2427,neutral
2428,neutral
2429,neutral
2430,neutral
2431,neutral
2432,neutral
2433,neutral
2434,neutral
2435,neutral
2436,neutral
2437,neutral
2438,neutral
2439,neutral
2440,neutral
2441,neutral
2442,neutral
2443,neutral
2444,neutral
2445,neutral
2446,neutral
2447,neutral
2448,neutral
2449,neutral
2450,negative
2451,neutral
2452,neutral
2453,neutral
2454,positive
2455,neutral
2456,positive
2457,neutral
2458,neutral
2459,neutral
2460,neutral
2461,neutral
2462,positive
2463,neutral
2464,neutral
2465,neutral
2466,neutral
2467,neutral
2468,neutral
2469,positive
2470,neutral
2471,neutral
2472,neutral
2473,positive
2474,neutral
2475,neutral
2476,neutral
2477,neutral
2478,neutral
2479,neutral
2480,neutral
2481,neutral
2482,neutral
2483,neutral
2484,neutral
2485,neutral
2486,neutral
2487,neutral
2488,positive
2489,neutral
2490,neutral
2491,neutral
2492,neutral
2493,neutral
2494,neutral
2495,neutral
2496,neutral
2497,neutral
2498,neutral
2499,neutral
2500,neutral
2501,neutral
2502,neutral
2503,neutral
2504,neutral
2505,neutral
2506,neutral
2507,neutral
2508,neutral
2509,neutral
2510,neutral
2511,positive
2512,neutral
2513,neutral
2514,neutral
2515,neutral
2516,negative
2517,neutral
2518,neutral
2519,neutral
2520,neutral
2521,neutral
2522,neutral
2523,neutral
2524,neutral
2525,neutral
2526,neutral
2527,neutral
2528,neutral
2529,neutral
2530,neutral
2531,neutral
2532,neutral
2533,positive
2534,positive
2535,neutral
2536,neutral
2537,neutral
2538,positive
2539,neutral
2540,neutral
2541,neutral
2542,neutral
2543,neutral
2544,neutral
2545,neutral
2546,neutral
2547,neutral
2548,neutral
2549,neutral
2550,neutral
2551,neutral
2552,neutral
2553,neutral
2554,neutral
2555,neutral
2556,neutral
2557,neutral
2558,neutral
2559,neutral
2560,neutral
2561,neutral
2562,neutral
2563,positive
2564,neutral
2565,neutral
2566,neutral
2567,neutral
2568,positive
2569,neutral
2570,neutral
2571,neutral
2572,neutral
2573,neutral
2574,neutral
2575,neutral
2576,neutral
2577,neutral
2578,neutral
2579,neutral
2580,neutral
2581,neutral
2582,positive
2583,neutral
2584,neutral
2585,neutral
2586,neutral
2587,neutral
2588,neutral
2589,neutral
2590,neutral
2591,neutral
2592,neutral
2593,negative
2594,neutral
2595,neutral
2596,neutral
2597,neutral
2598,neutral
2599,neutral
2600,neutral
2601,neutral
2602,neutral
2603,neutral
2604,neutral
2605,neutral
2606,neutral
2607,neutral
2608,neutral
2609,neutral
2610,neutral
2611,neutral
2612,neutral
2613,neutral
2614,neutral
2615,neutral
2616,neutral
2617,positive
2618,neutral
2619,neutral
2620,neutral
2621,neutral
2622,neutral
2623,neutral
2624,neutral
2625,neutral
2626,neutral
2627,neutral
2628,neutral
2629,neutral
2630,neutral
2631,neutral
2632,neutral
2633,neutral
2634,neutral
2635,neutral
2636,neutral
2637,neutral
2638,neutral
2639,neutral
2640,positive
2641,neutral
2642,negative
2643,neutral
2644,negative
2645,neutral
2646,negative
2647,neutral
2648,neutral
2649,neutral
2650,neutral
2651,positive
2652,neutral
2653,neutral
2654,neutral
2655,neutral
2656,neutral
2657,neutral
2658,neutral
2659,neutral
2660,neutral
2661,neutral
2662,neutral
2663,neutral
2664,neutral
2665,neutral
2666,neutral
2667,neutral
2668,neutral
2669,neutral
2670,neutral
2671,neutral
2672,positive
2673,neutral
2674,neutral
2675,neutral
2676,neutral
2677,neutral
2678,neutral
2679,neutral
2680,neutral
2681,neutral
2682,neutral
2683,neutral
2684,neutral
2685,neutral
2686,neutral
2687,neutral
2688,neutral
2689,neutral
2690,neutral
2691,neutral
2692,neutral
2693,neutral
2694,neutral
2695,neutral
2696,neutral
2697,neutral
2698,neutral
2699,neutral
2700,neutral
2701,positive
2702,neutral
2703,neutral
2704,neutral
2705,neutral
2706,neutral
2707,neutral
2708,neutral
2709,neutral
2710,neutral
2711,neutral
2712,neutral
2713,positive
2714,neutral
2715,positive
2716,neutral
2717,neutral
2718,neutral
2719,neutral
2720,neutral
2721,neutral
2722,neutral
2723,positive
2724,neutral
2725,neutral
2726,neutral
2727,neutral
2728,positive
2729,positive
2730,neutral
2731,negative
2732,positive
2733,neutral
2734,neutral
2735,neutral
2736,neutral
2737,neutral
2738,neutral
2739,neutral
2740,neutral
2741,neutral
2742,positive
2743,neutral
2744,neutral
2745,neutral
2746,neutral
2747,neutral
2748,neutral
2749,neutral
2750,positive
2751,positive
2752,neutral
2753,neutral
2754,neutral
2755,negative
2756,negative
2757,neutral
2758,neutral
2759,neutral
2760,positive
2761,neutral
2762,neutral
2763,neutral
2764,neutral
2765,neutral
2766,neutral
2767,neutral
2768,negative
2769,neutral
2770,neutral
2771,neutral
2772,neutral
2773,neutral
2774,neutral
2775,neutral
2776,neutral
2777,neutral
2778,neutral
2779,neutral
2780,neutral
2781,neutral
2782,positive
2783,neutral
2784,neutral
2785,neutral
2786,neutral
2787,neutral
2788,neutral
2789,neutral
2790,neutral
2791,neutral
2792,neutral
2793,neutral
2794,neutral
2795,neutral
2796,neutral
2797,neutral
2798,neutral
2799,neutral
2800,neutral
2801,neutral
2802,neutral
2803,positive
2804,neutral
2805,neutral
2806,neutral
2807,neutral
2808,neutral
2809,negative
2810,negative
2811,negative
2812,negative
2813,neutral
2814,neutral
2815,neutral
2816,neutral
2817,neutral
2818,neutral
2819,neutral
2820,neutral
2821,neutral
2822,neutral
2823,neutral
2824,neutral
2825,neutral
2826,neutral
2827,neutral
2828,neutral
2829,neutral
2830,neutral
2831,neutral
2832,positive
2833,neutral
2834,neutral
2835,neutral
2836,neutral
2837,positive
2838,neutral
2839,neutral
2840,neutral
2841,neutral
2842,neutral
2843,neutral
2844,neutral
2845,neutral
2846,neutral
2847,neutral
2848,neutral
2849,neutral
2850,neutral
2851,neutral
2852,neutral
2853,neutral
2854,neutral
2855,neutral
2856,neutral
2857,neutral
2858,neutral
2859,neutral
2860,neutral
2861,positive
2862,neutral
2863,neutral
2864,neutral
2865,neutral
2866,neutral
2867,neutral
2868,neutral
2869,neutral
2870,neutral
2871,positive
2872,negative
2873,neutral
2874,negative
2875,neutral
2876,neutral
2877,neutral
2878,neutral
2879,neutral
2880,neutral
2881,neutral
2882,neutral
2883,neutral
2884,neutral
2885,neutral
2886,neutral
2887,neutral
2888,neutral
2889,neutral
2890,neutral
2891,neutral
2892,neutral
2893,neutral
2894,neutral
2895,neutral
2896,neutral
2897,neutral
2898,neutral
2899,positive
2900,neutral
2901,neutral
2902,neutral
2903,positive
2904,positive
2905,neutral
2906,neutral
2907,neutral
2908,neutral
2909,neutral
2910,neutral
2911,neutral
2912,neutral
2913,neutral
2914,neutral
2915,neutral
2916,neutral
2917,neutral
2918,neutral
2919,neutral
2920,neutral
2921,neutral
2922,neutral
2923,neutral
2924,neutral
2925,neutral
2926,neutral
2927,neutral
2928,neutral
2929,neutral
2930,neutral
2931,positive
2932,neutral
2933,neutral
2934,neutral
2935,negative
2936,neutral
2937,neutral
2938,neutral
2939,neutral
2940,neutral
2941,neutral
2942,neutral
2943,neutral
2944,neutral
2945,neutral
2946,neutral
2947,neutral
2948,neutral
2949,neutral
2950,neutral
2951,negative
2952,neutral
2953,neutral
2954,positive
2955,neutral
2956,neutral
2957,positive
2958,neutral
2959,neutral
2960,neutral
2961,neutral
2962,neutral
2963,neutral
2964,neutral
2965,neutral
2966,neutral
2967,neutral
2968,neutral
2969,neutral
2970,neutral
2971,neutral
2972,neutral
2973,neutral
2974,neutral
2975,neutral
2976,neutral
2977,neutral
2978,neutral
2979,neutral
2980,neutral
2981,neutral
2982,positive
2983,neutral
2984,neutral
2985,neutral
2986,neutral
2987,neutral
2988,neutral
2989,neutral
2990,neutral
2991,neutral
2992,neutral
2993,neutral
2994,neutral
2995,neutral
2996,positive
2997,positive
2998,neutral
2999,neutral
3000,positive
3001,neutral
3002,neutral
3003,neutral
3004,neutral
3005,neutral
3006,neutral
3007,neutral
3008,neutral
3009,neutral
3010,neutral
3011,neutral
3012,neutral
3013,positive
3014,neutral
3015,negative
3016,neutral
3017,neutral
3018,neutral
3019,neutral
3020,neutral
3021,neutral
3022,neutral
3023,neutral
3024,neutral
3025,neutral
3026,neutral
3027,neutral
3028,neutral
3029,negative
3030,neutral
3031,neutral
3032,neutral
3033,positive
3034,negative
3035,neutral
3036,neutral
3037,neutral
3038,neutral
3039,neutral
3040,neutral
3041,negative
3042,neutral
3043,neutral
3044,neutral
3045,neutral
3046,neutral
3047,neutral
3048,neutral
3049,neutral
3050,neutral
3051,neutral
3052,neutral
3053,neutral
3054,neutral
3055,neutral
3056,neutral
3057,neutral
3058,neutral
3059,neutral
3060,neutral
3061,neutral
3062,neutral
3063,neutral
3064,neutral
3065,neutral
3066,neutral
3067,neutral
3068,neutral
3069,neutral
3070,neutral
3071,neutral
3072,neutral
3073,neutral
3074,neutral
3075,neutral
3076,positive
3077,neutral
3078,neutral
3079,neutral
3080,neutral
3081,neutral
3082,neutral
3083,neutral
3084,neutral
3085,neutral
3086,neutral
3087,neutral
3088,neutral
3089,neutral
3090,neutral
3091,neutral
3092,neutral
3093,neutral
3094,neutral
3095,neutral
3096,neutral
3097,neutral
3098,neutral
3099,neutral
3100,neutral
3101,neutral
3102,neutral
3103,neutral
3104,neutral
3105,neutral
3106,neutral
3107,neutral
3108,neutral
3109,neutral
3110,neutral
3111,neutral
3112,neutral
3113,neutral
3114,neutral
3115,neutral
3116,neutral
3117,neutral
3118,positive
3119,neutral
3120,neutral
3121,positive
3122,positive
3123,neutral
3124,neutral
3125,neutral
3126,neutral
3127,neutral
3128,neutral
3129,positive
3130,neutral
3131,neutral
3132,neutral
3133,neutral
3134,neutral
3135,neutral
3136,neutral
3137,neutral
3138,neutral
3139,neutral
3140,neutral
3141,neutral
3142,neutral
3143,neutral
3144,neutral
3145,neutral
3146,neutral
3147,positive
3148,negative
3149,neutral
3150,neutral
3151,neutral
3152,neutral
3153,neutral
3154,neutral
3155,neutral
3156,neutral
3157,neutral
3158,neutral
3159,positive
3160,neutral
3161,neutral
3162,neutral
3163,neutral
3164,neutral
3165,neutral
3166,neutral
3167,neutral
3168,neutral
3169,neutral
3170,neutral
3171,neutral
3172,neutral
3173,neutral
3174,neutral
3175,neutral
3176,neutral
3177,neutral
3178,neutral
3179,neutral
3180,neutral
3181,neutral
3182,neutral
3183,neutral
3184,neutral
3185,neutral
3186,neutral
3187,neutral
3188,neutral
3189,neutral
3190,neutral
3191,neutral
3192,neutral
3193,neutral
3194,neutral
3195,neutral
3196,positive
3197,neutral
3198,neutral
3199,neutral
3200,neutral
3201,neutral
3202,neutral
3203,neutral
3204,neutral
3205,neutral
3206,neutral
3207,neutral
3208,neutral
3209,neutral
3210,neutral
3211,neutral
3212,positive
3213,neutral
3214,neutral
3215,neutral
3216,neutral
3217,neutral
3218,neutral
3219,neutral
3220,neutral
3221,neutral
3222,neutral
3223,neutral
3224,negative
3225,negative
3226,neutral
3227,neutral
3228,neutral
3229,neutral
3230,neutral
3231,positive
3232,neutral
3233,neutral
3234,neutral
3235,negative
3236,neutral
3237,neutral
3238,neutral
3239,neutral
3240,neutral
3241,neutral
3242,neutral
3243,neutral
3244,neutral
3245,neutral
3246,neutral
3247,neutral
3248,neutral
3249,neutral
3250,neutral
3251,neutral
3252,neutral
3253,neutral
3254,neutral
3255,positive
3256,neutral
3257,neutral
3258,neutral
3259,neutral
3260,neutral
3261,neutral
3262,neutral
3263,neutral
3264,neutral
3265,neutral
3266,neutral
3267,neutral
3268,neutral
3269,neutral
3270,neutral
3271,neutral
3272,neutral
3273,neutral
3274,neutral
3275,neutral
3276,neutral
3277,neutral
3278,neutral
3279,neutral
3280,neutral
3281,neutral
3282,neutral
3283,neutral
3284,neutral
3285,neutral
3286,neutral
3287,neutral
3288,neutral
3289,negative
3290,neutral
3291,neutral
3292,neutral
3293,neutral
3294,neutral
3295,neutral
3296,neutral
3297,neutral
3298,neutral
3299,neutral
3300,neutral
3301,negative
3302,neutral
3303,neutral
3304,neutral
3305,neutral
3306,neutral
3307,neutral
3308,neutral
3309,neutral
3310,positive
3311,neutral
3312,neutral
3313,neutral
3314,neutral
3315,neutral
3316,neutral
3317,neutral
3318,neutral
3319,neutral
3320,neutral
3321,neutral
3322,neutral
3323,neutral
3324,neutral
3325,neutral
3326,neutral
3327,neutral
3328,neutral
3329,neutral
3330,neutral
3331,neutral
3332,positive
3333,neutral
3334,neutral
3335,neutral
3336,neutral
3337,neutral
3338,neutral
3339,neutral
3340,neutral
3341,neutral
3342,neutral
3343,neutral
3344,positive
3345,neutral
3346,neutral
3347,neutral
3348,neutral
3349,neutral
3350,neutral
3351,neutral
3352,neutral
3353,neutral
3354,neutral
3355,neutral
3356,neutral
3357,neutral
3358,neutral
3359,neutral
3360,neutral
3361,neutral
3362,neutral
3363,neutral
3364,neutral
3365,neutral
3366,neutral
3367,neutral
3368,neutral
3369,neutral
3370,neutral
3371,neutral
3372,neutral
3373,neutral
3374,neutral
3375,neutral
3376,neutral
3377,neutral
3378,neutral
3379,neutral
3380,neutral
3381,neutral
3382,positive
3383,neutral
3384,neutral
3385,neutral
3386,neutral
3387,neutral
3388,neutral
3389,neutral
3390,neutral
3391,neutral
3392,neutral
3393,neutral
3394,neutral
3395,neutral
3396,neutral
3397,neutral
3398,neutral
3399,neutral
3400,neutral
3401,neutral
3402,neutral
3403,neutral
3404,neutral
3405,neutral
3406,neutral
3407,positive
3408,neutral
3409,neutral
3410,neutral
3411,neutral
3412,neutral
3413,neutral
3414,neutral
3415,neutral
3416,neutral
3417,neutral
3418,neutral
3419,neutral
3420,neutral
3421,neutral
3422,neutral
3423,neutral
3424,neutral
3425,neutral
3426,neutral
3427,neutral
3428,neutral
3429,neutral
3430,positive
3431,neutral
3432,neutral
3433,neutral
3434,neutral
3435,neutral
3436,positive
3437,neutral
3438,neutral
3439,neutral
3440,neutral
3441,neutral
3442,neutral
3443,neutral
3444,neutral
3445,positive
3446,neutral
3447,neutral
3448,neutral
3449,neutral
3450,neutral
3451,neutral
3452,neutral
3453,neutral
3454,neutral
3455,neutral
3456,neutral
3457,neutral
3458,neutral
3459,neutral
3460,neutral
3461,neutral
3462,neutral
3463,neutral
3464,neutral
3465,neutral
3466,neutral
3467,neutral
3468,neutral
3469,neutral
3470,positive
3471,neutral
3472,neutral
3473,neutral
3474,neutral
3475,neutral
3476,neutral
3477,positive
3478,neutral
3479,neutral
3480,neutral
3481,neutral
3482,neutral
3483,neutral
3484,neutral
3485,positive
3486,neutral
3487,neutral
3488,neutral
3489,neutral
3490,neutral
3491,neutral
3492,positive
3493,neutral
3494,neutral
3495,neutral
3496,negative
3497,neutral
3498,neutral
3499,neutral
3500,positive
3501,neutral
3502,neutral
3503,neutral
3504,neutral
3505,neutral
3506,neutral
3507,neutral
3508,positive
3509,neutral
3510,neutral
3511,neutral
3512,neutral
3513,neutral
3514,neutral
3515,neutral
3516,neutral
3517,neutral
3518,neutral
3519,neutral
3520,neutral
3521,neutral
3522,neutral
3523,neutral
3524,neutral
3525,negative
3526,neutral
3527,neutral
3528,negative
3529,neutral
3530,neutral
3531,neutral
3532,negative
3533,negative
3534,neutral
3535,neutral
3536,neutral
3537,neutral
3538,neutral
3539,neutral
3540,neutral
3541,neutral
3542,positive
3543,negative
3544,neutral
3545,positive
3546,neutral
3547,neutral
3548,neutral
3549,neutral
3550,neutral
3551,neutral
3552,neutral
3553,neutral
3554,neutral
3555,positive
3556,neutral
3557,positive
3558,neutral
3559,neutral
3560,neutral
3561,neutral
3562,neutral
3563,neutral
3564,neutral
3565,neutral
3566,neutral
3567,neutral
3568,positive
3569,neutral
3570,neutral
3571,neutral
3572,negative
3573,negative
3574,neutral
3575,neutral
3576,neutral
3577,neutral
3578,neutral
3579,positive
3580,neutral
3581,neutral
3582,neutral
3583,neutral
3584,negative
3585,positive
3586,neutral
3587,neutral
3588,neutral
3589,neutral
3590,neutral
3591,neutral
3592,neutral
3593,neutral
3594,neutral
3595,neutral
3596,neutral
3597,neutral
3598,neutral
3599,neutral
3600,neutral
3601,neutral
3602,neutral
3603,negative
3604,neutral
3605,neutral
3606,positive
3607,positive
3608,neutral
3609,neutral
3610,neutral
3611,neutral
3612,neutral
3613,neutral
3614,neutral
3615,neutral
3616,negative
3617,neutral
3618,neutral
3619,positive
3620,neutral
3621,neutral
3622,neutral
3623,neutral
3624,neutral
3625,positive
3626,neutral
3627,neutral
3628,positive
3629,negative
3630,neutral
3631,neutral
3632,neutral
3633,negative
3634,neutral
3635,negative
3636,neutral
3637,neutral
3638,positive
3639,neutral
3640,neutral
3641,positive
3642,positive
3643,neutral
3644,neutral
3645,neutral
3646,neutral
3647,neutral
3648,neutral
3649,neutral
3650,positive
3651,neutral
3652,neutral
3653,negative
3654,neutral
3655,neutral
3656,neutral
3657,neutral
3658,neutral
3659,neutral
3660,neutral
3661,neutral
3662,neutral
3663,positive
3664,neutral
3665,neutral
3666,neutral
3667,neutral
3668,neutral
3669,neutral
3670,neutral
3671,neutral
3672,neutral
3673,neutral
3674,neutral
3675,neutral
3676,neutral
3677,neutral
3678,neutral
3679,neutral
3680,neutral
3681,neutral
3682,neutral
3683,neutral
3684,neutral
3685,neutral
3686,neutral
3687,positive
3688,neutral
3689,neutral
3690,neutral
3691,neutral
3692,neutral
3693,neutral
3694,neutral
3695,neutral
3696,neutral
3697,neutral
3698,neutral
3699,negative
3700,neutral
3701,neutral
3702,neutral
3703,positive
3704,neutral
3705,neutral
3706,neutral
3707,neutral
3708,neutral
3709,neutral
3710,neutral
3711,neutral
3712,neutral
3713,neutral
3714,neutral
3715,neutral
3716,neutral
3717,negative
3718,neutral
3719,neutral
3720,neutral
3721,neutral
3722,neutral
3723,neutral
3724,negative
3725,neutral
3726,neutral
3727,neutral
3728,neutral
3729,neutral
3730,neutral
3731,neutral
3732,neutral
3733,neutral
3734,neutral
3735,neutral
3736,neutral
3737,neutral
3738,neutral
3739,neutral
3740,neutral
3741,neutral
3742,positive
3743,neutral
3744,neutral
3745,neutral
3746,neutral
3747,neutral
3748,positive
3749,neutral
3750,neutral
3751,neutral
3752,neutral
3753,neutral
3754,neutral
3755,neutral
3756,neutral
3757,neutral
3758,neutral
3759,neutral
3760,neutral
3761,neutral
3762,positive
3763,neutral
3764,neutral
3765,positive
3766,neutral
3767,neutral
3768,neutral
3769,neutral
3770,neutral
3771,neutral
3772,neutral
3773,neutral
3774,neutral
3775,neutral
3776,neutral
3777,neutral
3778,neutral
3779,neutral
3780,neutral
3781,neutral
3782,neutral
3783,neutral
3784,neutral
3785,neutral
3786,neutral
3787,neutral
3788,neutral
3789,neutral
3790,negative
3791,neutral
3792,positive
3793,neutral
3794,neutral
3795,positive
3796,neutral
3797,neutral
3798,neutral
3799,neutral
3800,neutral
3801,neutral
3802,neutral
3803,neutral
3804,neutral
3805,positive
3806,neutral
3807,neutral
3808,neutral
3809,positive
3810,neutral
3811,neutral
3812,neutral
3813,neutral
3814,neutral
3815,neutral
3816,neutral
3817,neutral
3818,neutral
3819,neutral
3820,neutral
3821,neutral
3822,neutral
3823,neutral
3824,neutral
3825,neutral
3826,neutral
3827,neutral
3828,neutral
3829,neutral
3830,neutral
3831,neutral
3832,neutral
3833,positive
3834,neutral
3835,negative
3836,neutral
3837,neutral
3838,neutral
3839,neutral
3840,neutral
3841,neutral
3842,neutral
3843,neutral
3844,neutral
3845,neutral
3846,neutral
3847,neutral
3848,neutral
3849,neutral
3850,neutral
3851,neutral
3852,neutral
3853,neutral
3854,neutral
3855,neutral
3856,neutral
3857,neutral
3858,neutral
3859,neutral
3860,neutral
3861,neutral
3862,neutral
3863,neutral
3864,neutral
3865,neutral
3866,neutral
3867,neutral
3868,neutral
3869,neutral
3870,positive
3871,neutral
3872,positive
3873,neutral
3874,neutral
3875,neutral
3876,neutral
3877,neutral
3878,neutral
3879,neutral
3880,neutral
3881,neutral
3882,neutral
3883,neutral
3884,neutral
3885,neutral
3886,neutral
3887,neutral
3888,neutral
3889,neutral
3890,neutral
3891,neutral
3892,neutral
3893,positive
3894,neutral
3895,neutral
3896,neutral
3897,neutral
3898,neutral
3899,neutral
3900,neutral
3901,neutral
3902,neutral
3903,neutral
3904,neutral
3905,neutral
3906,neutral
3907,neutral
3908,neutral
3909,neutral
3910,neutral
3911,neutral
3912,neutral
3913,neutral
3914,neutral
3915,neutral
3916,neutral
3917,neutral
3918,neutral
3919,neutral
3920,neutral
3921,neutral
3922,neutral
3923,neutral
3924,neutral
3925,neutral
3926,neutral
3927,neutral
3928,neutral
3929,neutral
3930,neutral
3931,neutral
3932,neutral
3933,neutral
3934,neutral
3935,neutral
3936,neutral
3937,neutral
3938,neutral
3939,neutral
3940,neutral
3941,neutral
3942,neutral
3943,neutral
3944,neutral
3945,neutral
3946,neutral
3947,neutral
3948,neutral
3949,positive
3950,neutral
3951,neutral
3952,positive
3953,neutral
3954,neutral
3955,neutral
3956,neutral
3957,neutral
3958,neutral
3959,neutral
3960,positive
3961,neutral
3962,neutral
3963,neutral
3964,neutral
3965,neutral
3966,neutral
3967,neutral
3968,neutral
3969,neutral
3970,neutral
3971,neutral
3972,neutral
3973,neutral
3974,neutral
3975,neutral
3976,neutral
3977,neutral
3978,neutral
3979,neutral
3980,neutral
3981,neutral
3982,neutral
3983,positive
3984,neutral
3985,neutral
3986,neutral
3987,neutral
3988,positive
3989,negative
3990,negative
3991,neutral
3992,positive
3993,negative
3994,negative
3995,neutral
3996,negative
3997,neutral
3998,negative
3999,neutral
4000,negative
4001,neutral
4002,negative
4003,neutral
4004,negative
4005,negative
4006,negative
4007,neutral
4008,negative
4009,neutral
4010,neutral
4011,positive
4012,negative
4013,negative
4014,positive
4015,neutral
4016,negative
4017,negative
4018,neutral
4019,negative
4020,negative
4021,neutral
4022,negative
4023,neutral
4024,negative
4025,neutral
4026,negative
4027,negative
4028,negative
4029,positive
4030,neutral
4031,neutral
4032,negative
4033,negative
4034,negative
4035,negative
4036,negative
4037,negative
4038,negative
4039,negative
4040,negative
4041,negative
4042,positive
4043,negative
4044,positive
4045,negative
4046,neutral
4047,positive
4048,negative
4049,neutral
4050,negative
4051,negative
4052,neutral
4053,negative
4054,negative
4055,negative
4056,negative
4057,negative
4058,neutral
4059,positive
4060,neutral
4061,negative
4062,neutral
4063,negative
4064,negative
4065,negative
4066,positive
4067,negative
4068,negative
4069,negative
4070,negative
4071,neutral
4072,neutral
4073,negative
4074,negative
4075,neutral
4076,positive
4077,negative
4078,negative
4079,positive
4080,positive
4081,positive
4082,positive
4083,neutral
4084,neutral
4085,positive
4086,neutral
4087,neutral
4088,neutral
4089,positive
4090,neutral
4091,neutral
4092,negative
4093,negative
4094,negative
4095,negative
4096,positive
4097,neutral
4098,negative
4099,negative
4100,neutral
4101,neutral
4102,neutral
4103,neutral
4104,neutral
4105,negative
4106,negative
4107,neutral
4108,negative
4109,neutral
4110,neutral
4111,neutral
4112,neutral
4113,neutral
4114,negative
4115,negative
4116,neutral
4117,neutral
4118,neutral
4119,neutral
4120,neutral
4121,neutral
4122,neutral
4123,neutral
4124,neutral
4125,neutral
4126,neutral
4127,negative
4128,neutral
4129,neutral
4130,neutral
4131,negative
4132,neutral
4133,neutral
4134,neutral
4135,neutral
4136,negative
4137,neutral
4138,neutral
4139,neutral
4140,neutral
4141,neutral
4142,neutral
4143,neutral
4144,positive
4145,neutral
4146,neutral
4147,neutral
4148,neutral
4149,neutral
4150,neutral
4151,neutral
4152,negative
4153,negative
4154,negative
4155,neutral
4156,positive
4157,negative
4158,neutral
4159,neutral
4160,neutral
4161,neutral
4162,neutral
4163,neutral
4164,neutral
4165,neutral
4166,neutral
4167,neutral
4168,neutral
4169,neutral
4170,neutral
4171,neutral
4172,negative
4173,negative
4174,neutral
4175,negative
4176,neutral
4177,negative
4178,neutral
4179,neutral
4180,negative
4181,neutral
4182,neutral
4183,neutral
4184,neutral
4185,negative
4186,negative
4187,neutral
4188,neutral
4189,neutral
4190,negative
4191,neutral
4192,neutral
4193,neutral
4194,neutral
4195,neutral
4196,positive
4197,neutral
4198,neutral
4199,neutral
4200,negative
4201,neutral
4202,neutral
4203,neutral
4204,neutral
4205,negative
4206,neutral
4207,neutral
4208,neutral
4209,neutral
4210,neutral
4211,neutral
4212,negative
4213,negative
4214,neutral
4215,negative
4216,negative
4217,positive
4218,neutral
4219,negative
4220,neutral
4221,neutral
4222,neutral
4223,neutral
4224,neutral
4225,neutral
4226,negative
4227,neutral
4228,neutral
4229,neutral
4230,neutral
4231,neutral
4232,neutral
4233,negative
4234,neutral
4235,neutral
4236,neutral
4237,neutral
4238,neutral
4239,neutral
4240,neutral
4241,neutral
4242,neutral
4243,neutral
4244,neutral
4245,neutral
4246,neutral
4247,neutral
4248,neutral
4249,neutral
4250,neutral
4251,neutral
4252,neutral
4253,neutral
4254,neutral
4255,neutral
4256,neutral
4257,neutral
4258,neutral
4259,neutral
4260,neutral
4261,neutral
4262,neutral
4263,negative
4264,neutral
4265,neutral
4266,neutral
4267,neutral
4268,neutral
4269,negative
4270,neutral
4271,neutral
4272,negative
4273,positive
4274,neutral
4275,neutral
4276,neutral
4277,neutral
4278,neutral
4279,neutral
4280,neutral
4281,neutral
4282,neutral
4283,negative
4284,neutral
4285,neutral
4286,negative
4287,positive
4288,neutral
4289,neutral
4290,neutral
4291,neutral
4292,neutral
4293,positive
4294,neutral
4295,neutral
4296,neutral
4297,neutral
4298,neutral
4299,negative
4300,neutral
4301,neutral
4302,neutral
4303,negative
4304,neutral
4305,negative
4306,neutral
4307,neutral
4308,neutral
4309,neutral
4310,neutral
4311,neutral
4312,neutral
4313,negative
4314,neutral
4315,negative
4316,neutral
4317,negative
4318,neutral
4319,neutral
4320,neutral
4321,negative
4322,neutral
4323,neutral
4324,neutral
4325,neutral
4326,neutral
4327,negative
4328,negative
4329,negative
4330,neutral
4331,neutral
4332,neutral
4333,negative
4334,neutral
4335,negative
4336,neutral
4337,neutral
4338,negative
4339,neutral
4340,neutral
4341,neutral
4342,neutral
4343,negative
4344,neutral
4345,neutral
4346,neutral
4347,neutral
4348,neutral
4349,neutral
4350,neutral
4351,neutral
4352,neutral
4353,neutral
4354,negative
4355,neutral
4356,neutral
4357,neutral
4358,negative
4359,neutral
4360,neutral
4361,neutral
4362,neutral
4363,neutral
4364,neutral
4365,neutral
4366,positive
4367,negative
4368,neutral
4369,negative
4370,negative
4371,neutral
4372,neutral
4373,negative
4374,negative
4375,neutral
4376,negative
4377,negative
4378,negative
4379,negative
4380,negative
4381,negative
4382,negative
4383,negative
4384,negative
4385,neutral
4386,negative
4387,neutral
4388,neutral
4389,neutral
4390,negative
4391,neutral
4392,neutral
4393,negative
4394,negative
4395,positive
4396,negative
4397,negative
4398,neutral
4399,negative
4400,positive
4401,negative
4402,neutral
4403,positive
4404,negative
4405,negative
4406,negative
4407,negative
4408,negative
4409,positive
4410,negative
4411,negative
4412,neutral
4413,neutral
4414,negative
4415,neutral
4416,negative
4417,negative
4418,negative
4419,negative
4420,neutral
4421,negative
4422,negative
4423,negative
4424,negative
4425,positive
4426,negative
4427,negative
4428,negative
4429,neutral
4430,negative
4431,neutral
4432,negative
4433,negative
4434,negative
4435,negative
4436,positive
4437,negative
4438,positive
4439,neutral
4440,neutral
4441,negative
4442,negative
4443,negative
4444,neutral
4445,neutral
4446,negative
4447,negative
4448,negative
4449,negative
4450,neutral
4451,negative
4452,neutral
4453,neutral
4454,negative
4455,positive
4456,neutral
4457,positive
4458,positive
4459,positive
4460,positive
4461,neutral
4462,neutral
4463,positive
4464,neutral
4465,positive
4466,neutral
4467,neutral
4468,positive
4469,positive
4470,positive
4471,neutral
4472,positive
4473,positive
4474,neutral
4475,neutral
4476,neutral
4477,neutral
4478,positive
4479,neutral
4480,neutral
4481,positive
4482,positive
4483,neutral
4484,neutral
4485,positive
4486,positive
4487,neutral
4488,positive
4489,neutral
4490,neutral
4491,neutral
4492,positive
4493,positive
4494,negative
4495,positive
4496,positive
4497,positive
4498,positive
4499,positive
4500,positive
4501,positive
4502,neutral
4503,neutral
4504,positive
4505,positive
4506,neutral
4507,neutral
4508,neutral
4509,neutral
4510,negative
4511,neutral
4512,negative
4513,positive
4514,negative
4515,neutral
4516,neutral
4517,neutral
4518,neutral
4519,neutral
4520,neutral
4521,neutral
4522,neutral
4523,positive
4524,negative
4525,positive
4526,neutral
4527,neutral
4528,neutral
4529,neutral
4530,positive
4531,neutral
4532,positive
4533,neutral
4534,neutral
4535,positive
4536,neutral
4537,neutral
4538,neutral
4539,neutral
4540,neutral
4541,neutral
4542,neutral
4543,neutral
4544,neutral
4545,positive
4546,neutral
4547,neutral
4548,neutral
4549,negative
4550,neutral
4551,neutral
4552,positive
4553,negative
4554,negative
4555,negative
4556,negative
4557,neutral
4558,negative
4559,neutral
4560,negative
4561,negative
4562,neutral
4563,negative
4564,negative
4565,negative
4566,negative
4567,negative
4568,positive
4569,neutral
4570,positive
4571,neutral
4572,neutral
4573,negative
4574,negative
4575,neutral
4576,positive
4577,positive
4578,neutral
4579,negative
4580,negative
4581,negative
4582,negative
4583,negative
4584,negative
4585,negative
4586,negative
4587,negative
4588,negative
4589,negative
4590,negative
4591,positive
4592,positive
4593,negative
4594,negative
4595,negative
4596,negative
4597,negative
4598,negative
4599,positive
4600,negative
4601,neutral
4602,positive
4603,neutral
4604,neutral
4605,neutral
4606,negative
4607,neutral
4608,positive
4609,negative
4610,negative
4611,negative
4612,neutral
4613,negative
4614,negative
4615,neutral
4616,negative
4617,negative
4618,neutral
4619,neutral
4620,negative
4621,neutral
4622,negative
4623,neutral
4624,negative
4625,neutral
4626,negative
4627,neutral
4628,positive
4629,negative
4630,neutral
4631,negative
4632,negative
4633,neutral
4634,negative
4635,negative
4636,negative
4637,negative
4638,neutral
4639,negative
4640,negative
4641,negative
4642,positive
4643,negative
4644,negative
4645,neutral
4646,negative
4647,positive
4648,negative
4649,negative
4650,negative
4651,negative
4652,positive
4653,negative
4654,negative
4655,negative
4656,negative
4657,negative
4658,negative
4659,positive
4660,negative
4661,negative
4662,negative
4663,neutral
4664,negative
4665,positive
4666,negative
4667,neutral
4668,positive
4669,positive
4670,negative
4671,negative
4672,negative
4673,negative
4674,negative
4675,negative
4676,negative
4677,positive
4678,negative
4679,positive
4680,negative
4681,negative
4682,negative
4683,negative
4684,positive
4685,positive
4686,negative
4687,positive
4688,negative
4689,neutral
4690,negative
4691,negative
4692,negative
4693,negative
4694,positive
4695,negative
4696,negative
4697,positive
4698,negative
4699,negative
4700,negative
4701,negative
4702,negative
4703,negative
4704,negative
4705,negative
4706,negative
4707,positive
4708,positive
4709,negative
4710,negative
4711,negative
4712,negative
4713,negative
4714,negative
4715,negative
4716,positive
4717,negative
4718,negative
4719,negative
4720,neutral
4721,negative
4722,negative
4723,positive
4724,negative
4725,positive
4726,negative
4727,negative
4728,positive
4729,negative
4730,neutral
4731,negative
4732,negative
4733,positive
4734,positive
4735,negative
4736,positive
4737,neutral
4738,negative
4739,negative
4740,positive
4741,neutral
4742,neutral
4743,negative
4744,negative
4745,neutral
4746,neutral
4747,negative
4748,negative
4749,negative
4750,negative
4751,negative
4752,negative
4753,negative
4754,negative
4755,negative
4756,negative
4757,negative
4758,negative
4759,negative
4760,negative
4761,positive
4762,negative
4763,neutral
4764,negative
4765,neutral
4766,negative
4767,negative
4768,negative
4769,negative
4770,neutral
4771,neutral
4772,negative
4773,positive
4774,positive
4775,neutral
4776,neutral
4777,positive
4778,neutral
4779,neutral
4780,negative
4781,negative
4782,negative
4783,negative
4784,negative
4785,neutral
4786,negative
4787,positive
4788,negative
4789,negative
4790,positive
4791,negative
4792,positive
4793,negative
4794,neutral
4795,negative
4796,negative
4797,negative
4798,negative
4799,neutral
4800,positive
4801,positive
4802,neutral
4803,negative
4804,neutral
4805,neutral
4806,neutral
4807,neutral
4808,positive
4809,neutral
4810,positive
4811,positive
4812,neutral
4813,negative
4814,negative
4815,negative
4816,negative
4817,negative
4818,negative
4819,neutral
4820,neutral
4821,negative
4822,positive
4823,neutral
4824,neutral
4825,negative
4826,neutral
4827,negative
4828,neutral
4829,negative
4830,negative
4831,negative
4832,negative
4833,negative
4834,negative
4835,negative
4836,neutral
4837,negative
4838,negative
4839,negative
4840,negative
4841,negative
4842,negative
4843,negative
4844,negative
4845,negative
